[
  {
    "name": "Grid -44.0,112.0",
    "lat": -44.0,
    "lon": 112.0,
    "zoom": 8
  },
  {
    "name": "Grid -44.0,114.5",
    "lat": -44.0,
    "lon": 114.5,
    "zoom": 8
  },
  {
    "name": "Grid -44.0,117.0",
    "lat": -44.0,
    "lon": 117.0,
    "zoom": 8
  },
  {
    "name": "Grid -44.0,119.5",
    "lat": -44.0,
    "lon": 119.5,
    "zoom": 8
  },
  {
    "name": "Grid -44.0,122.0",
    "lat": -44.0,
    "lon": 122.0,
    "zoom": 8
  },
  {
    "name": "Grid -44.0,124.5",
    "lat": -44.0,
    "lon": 124.5,
    "zoom": 8
  },
  {
    "name": "Grid -44.0,127.0",
    "lat": -44.0,
    "lon": 127.0,
    "zoom": 8
  },
  {
    "name": "Grid -44.0,129.5",
    "lat": -44.0,
    "lon": 129.5,
    "zoom": 8
  },
  {
    "name": "Grid -44.0,132.0",
    "lat": -44.0,
    "lon": 132.0,
    "zoom": 8
  },
  {
    "name": "Grid -44.0,134.5",
    "lat": -44.0,
    "lon": 134.5,
    "zoom": 8
  },
  {
    "name": "Grid -44.0,137.0",
    "lat": -44.0,
    "lon": 137.0,
    "zoom": 8
  },
  {
    "name": "Grid -44.0,139.5",
    "lat": -44.0,
    "lon": 139.5,
    "zoom": 8
  },
  {
    "name": "Grid -44.0,142.0",
    "lat": -44.0,
    "lon": 142.0,
    "zoom": 8
  },
  {
    "name": "Grid -44.0,144.5",
    "lat": -44.0,
    "lon": 144.5,
    "zoom": 8
  },
  {
    "name": "Grid -44.0,147.0",
    "lat": -44.0,
    "lon": 147.0,
    "zoom": 8
  },
  {
    "name": "Grid -44.0,149.5",
    "lat": -44.0,
    "lon": 149.5,
    "zoom": 8
  },
  {
    "name": "Grid -44.0,152.0",
    "lat": -44.0,
    "lon": 152.0,
    "zoom": 8
  },
  {
    "name": "Grid -41.5,112.0",
    "lat": -41.5,
    "lon": 112.0,
    "zoom": 8
  },
  {
    "name": "Grid -41.5,114.5",
    "lat": -41.5,
    "lon": 114.5,
    "zoom": 8
  },
  {
    "name": "Grid -41.5,117.0",
    "lat": -41.5,
    "lon": 117.0,
    "zoom": 8
  },
  {
    "name": "Grid -41.5,119.5",
    "lat": -41.5,
    "lon": 119.5,
    "zoom": 8
  },
  {
    "name": "Grid -41.5,122.0",
    "lat": -41.5,
    "lon": 122.0,
    "zoom": 8
  },
  {
    "name": "Grid -41.5,124.5",
    "lat": -41.5,
    "lon": 124.5,
    "zoom": 8
  },
  {
    "name": "Grid -41.5,127.0",
    "lat": -41.5,
    "lon": 127.0,
    "zoom": 8
  },
  {
    "name": "Grid -41.5,129.5",
    "lat": -41.5,
    "lon": 129.5,
    "zoom": 8
  },
  {
    "name": "Grid -41.5,132.0",
    "lat": -41.5,
    "lon": 132.0,
    "zoom": 8
  },
  {
    "name": "Grid -41.5,134.5",
    "lat": -41.5,
    "lon": 134.5,
    "zoom": 8
  },
  {
    "name": "Grid -41.5,137.0",
    "lat": -41.5,
    "lon": 137.0,
    "zoom": 8
  },
  {
    "name": "Grid -41.5,139.5",
    "lat": -41.5,
    "lon": 139.5,
    "zoom": 8
  },
  {
    "name": "Grid -41.5,142.0",
    "lat": -41.5,
    "lon": 142.0,
    "zoom": 8
  },
  {
    "name": "Grid -41.5,144.5",
    "lat": -41.5,
    "lon": 144.5,
    "zoom": 8
  },
  {
    "name": "Grid -41.5,147.0",
    "lat": -41.5,
    "lon": 147.0,
    "zoom": 8
  },
  {
    "name": "Grid -41.5,149.5",
    "lat": -41.5,
    "lon": 149.5,
    "zoom": 8
  },
  {
    "name": "Grid -41.5,152.0",
    "lat": -41.5,
    "lon": 152.0,
    "zoom": 8
  },
  {
    "name": "Grid -39.0,112.0",
    "lat": -39.0,
    "lon": 112.0,
    "zoom": 8
  },
  {
    "name": "Grid -39.0,114.5",
    "lat": -39.0,
    "lon": 114.5,
    "zoom": 8
  },
  {
    "name": "Grid -39.0,117.0",
    "lat": -39.0,
    "lon": 117.0,
    "zoom": 8
  },
  {
    "name": "Grid -39.0,119.5",
    "lat": -39.0,
    "lon": 119.5,
    "zoom": 8
  },
  {
    "name": "Grid -39.0,122.0",
    "lat": -39.0,
    "lon": 122.0,
    "zoom": 8
  },
  {
    "name": "Grid -39.0,124.5",
    "lat": -39.0,
    "lon": 124.5,
    "zoom": 8
  },
  {
    "name": "Grid -39.0,127.0",
    "lat": -39.0,
    "lon": 127.0,
    "zoom": 8
  },
  {
    "name": "Grid -39.0,129.5",
    "lat": -39.0,
    "lon": 129.5,
    "zoom": 8
  },
  {
    "name": "Grid -39.0,132.0",
    "lat": -39.0,
    "lon": 132.0,
    "zoom": 8
  },
  {
    "name": "Grid -39.0,134.5",
    "lat": -39.0,
    "lon": 134.5,
    "zoom": 8
  },
  {
    "name": "Grid -39.0,137.0",
    "lat": -39.0,
    "lon": 137.0,
    "zoom": 8
  },
  {
    "name": "Grid -39.0,139.5",
    "lat": -39.0,
    "lon": 139.5,
    "zoom": 8
  },
  {
    "name": "Grid -39.0,142.0",
    "lat": -39.0,
    "lon": 142.0,
    "zoom": 8
  },
  {
    "name": "Grid -39.0,144.5",
    "lat": -39.0,
    "lon": 144.5,
    "zoom": 8
  },
  {
    "name": "Grid -39.0,147.0",
    "lat": -39.0,
    "lon": 147.0,
    "zoom": 8
  },
  {
    "name": "Grid -39.0,149.5",
    "lat": -39.0,
    "lon": 149.5,
    "zoom": 8
  },
  {
    "name": "Grid -39.0,152.0",
    "lat": -39.0,
    "lon": 152.0,
    "zoom": 8
  },
  {
    "name": "Grid -36.5,112.0",
    "lat": -36.5,
    "lon": 112.0,
    "zoom": 8
  },
  {
    "name": "Grid -36.5,114.5",
    "lat": -36.5,
    "lon": 114.5,
    "zoom": 8
  },
  {
    "name": "Grid -36.5,117.0",
    "lat": -36.5,
    "lon": 117.0,
    "zoom": 8
  },
  {
    "name": "Grid -36.5,119.5",
    "lat": -36.5,
    "lon": 119.5,
    "zoom": 8
  },
  {
    "name": "Grid -36.5,122.0",
    "lat": -36.5,
    "lon": 122.0,
    "zoom": 8
  },
  {
    "name": "Grid -36.5,124.5",
    "lat": -36.5,
    "lon": 124.5,
    "zoom": 8
  },
  {
    "name": "Grid -36.5,127.0",
    "lat": -36.5,
    "lon": 127.0,
    "zoom": 8
  },
  {
    "name": "Grid -36.5,129.5",
    "lat": -36.5,
    "lon": 129.5,
    "zoom": 8
  },
  {
    "name": "Grid -36.5,132.0",
    "lat": -36.5,
    "lon": 132.0,
    "zoom": 8
  },
  {
    "name": "Grid -36.5,134.5",
    "lat": -36.5,
    "lon": 134.5,
    "zoom": 8
  },
  {
    "name": "Grid -36.5,137.0",
    "lat": -36.5,
    "lon": 137.0,
    "zoom": 8
  },
  {
    "name": "Grid -36.5,139.5",
    "lat": -36.5,
    "lon": 139.5,
    "zoom": 8
  },
  {
    "name": "Grid -36.5,142.0",
    "lat": -36.5,
    "lon": 142.0,
    "zoom": 8
  },
  {
    "name": "Grid -36.5,144.5",
    "lat": -36.5,
    "lon": 144.5,
    "zoom": 8
  },
  {
    "name": "Grid -36.5,147.0",
    "lat": -36.5,
    "lon": 147.0,
    "zoom": 8
  },
  {
    "name": "Grid -36.5,149.5",
    "lat": -36.5,
    "lon": 149.5,
    "zoom": 8
  },
  {
    "name": "Grid -36.5,152.0",
    "lat": -36.5,
    "lon": 152.0,
    "zoom": 8
  },
  {
    "name": "Grid -34.0,112.0",
    "lat": -34.0,
    "lon": 112.0,
    "zoom": 8
  },
  {
    "name": "Grid -34.0,114.5",
    "lat": -34.0,
    "lon": 114.5,
    "zoom": 8
  },
  {
    "name": "Grid -34.0,117.0",
    "lat": -34.0,
    "lon": 117.0,
    "zoom": 8
  },
  {
    "name": "Grid -34.0,119.5",
    "lat": -34.0,
    "lon": 119.5,
    "zoom": 8
  },
  {
    "name": "Grid -34.0,122.0",
    "lat": -34.0,
    "lon": 122.0,
    "zoom": 8
  },
  {
    "name": "Grid -34.0,124.5",
    "lat": -34.0,
    "lon": 124.5,
    "zoom": 8
  },
  {
    "name": "Grid -34.0,127.0",
    "lat": -34.0,
    "lon": 127.0,
    "zoom": 8
  },
  {
    "name": "Grid -34.0,129.5",
    "lat": -34.0,
    "lon": 129.5,
    "zoom": 8
  },
  {
    "name": "Grid -34.0,132.0",
    "lat": -34.0,
    "lon": 132.0,
    "zoom": 8
  },
  {
    "name": "Grid -34.0,134.5",
    "lat": -34.0,
    "lon": 134.5,
    "zoom": 8
  },
  {
    "name": "Grid -34.0,137.0",
    "lat": -34.0,
    "lon": 137.0,
    "zoom": 8
  },
  {
    "name": "Grid -34.0,139.5",
    "lat": -34.0,
    "lon": 139.5,
    "zoom": 8
  },
  {
    "name": "Grid -34.0,142.0",
    "lat": -34.0,
    "lon": 142.0,
    "zoom": 8
  },
  {
    "name": "Grid -34.0,144.5",
    "lat": -34.0,
    "lon": 144.5,
    "zoom": 8
  },
  {
    "name": "Grid -34.0,147.0",
    "lat": -34.0,
    "lon": 147.0,
    "zoom": 8
  },
  {
    "name": "Grid -34.0,149.5",
    "lat": -34.0,
    "lon": 149.5,
    "zoom": 8
  },
  {
    "name": "Grid -34.0,152.0",
    "lat": -34.0,
    "lon": 152.0,
    "zoom": 8
  },
  {
    "name": "Grid -31.5,112.0",
    "lat": -31.5,
    "lon": 112.0,
    "zoom": 8
  },
  {
    "name": "Grid -31.5,114.5",
    "lat": -31.5,
    "lon": 114.5,
    "zoom": 8
  },
  {
    "name": "Grid -31.5,117.0",
    "lat": -31.5,
    "lon": 117.0,
    "zoom": 8
  },
  {
    "name": "Grid -31.5,119.5",
    "lat": -31.5,
    "lon": 119.5,
    "zoom": 8
  },
  {
    "name": "Grid -31.5,122.0",
    "lat": -31.5,
    "lon": 122.0,
    "zoom": 8
  },
  {
    "name": "Grid -31.5,124.5",
    "lat": -31.5,
    "lon": 124.5,
    "zoom": 8
  },
  {
    "name": "Grid -31.5,127.0",
    "lat": -31.5,
    "lon": 127.0,
    "zoom": 8
  },
  {
    "name": "Grid -31.5,129.5",
    "lat": -31.5,
    "lon": 129.5,
    "zoom": 8
  },
  {
    "name": "Grid -31.5,132.0",
    "lat": -31.5,
    "lon": 132.0,
    "zoom": 8
  },
  {
    "name": "Grid -31.5,134.5",
    "lat": -31.5,
    "lon": 134.5,
    "zoom": 8
  },
  {
    "name": "Grid -31.5,137.0",
    "lat": -31.5,
    "lon": 137.0,
    "zoom": 8
  },
  {
    "name": "Grid -31.5,139.5",
    "lat": -31.5,
    "lon": 139.5,
    "zoom": 8
  },
  {
    "name": "Grid -31.5,142.0",
    "lat": -31.5,
    "lon": 142.0,
    "zoom": 8
  },
  {
    "name": "Grid -31.5,144.5",
    "lat": -31.5,
    "lon": 144.5,
    "zoom": 8
  },
  {
    "name": "Grid -31.5,147.0",
    "lat": -31.5,
    "lon": 147.0,
    "zoom": 8
  },
  {
    "name": "Grid -31.5,149.5",
    "lat": -31.5,
    "lon": 149.5,
    "zoom": 8
  },
  {
    "name": "Grid -31.5,152.0",
    "lat": -31.5,
    "lon": 152.0,
    "zoom": 8
  },
  {
    "name": "Grid -29.0,112.0",
    "lat": -29.0,
    "lon": 112.0,
    "zoom": 8
  },
  {
    "name": "Grid -29.0,114.5",
    "lat": -29.0,
    "lon": 114.5,
    "zoom": 8
  },
  {
    "name": "Grid -29.0,117.0",
    "lat": -29.0,
    "lon": 117.0,
    "zoom": 8
  },
  {
    "name": "Grid -29.0,119.5",
    "lat": -29.0,
    "lon": 119.5,
    "zoom": 8
  },
  {
    "name": "Grid -29.0,122.0",
    "lat": -29.0,
    "lon": 122.0,
    "zoom": 8
  },
  {
    "name": "Grid -29.0,124.5",
    "lat": -29.0,
    "lon": 124.5,
    "zoom": 8
  },
  {
    "name": "Grid -29.0,127.0",
    "lat": -29.0,
    "lon": 127.0,
    "zoom": 8
  },
  {
    "name": "Grid -29.0,129.5",
    "lat": -29.0,
    "lon": 129.5,
    "zoom": 8
  },
  {
    "name": "Grid -29.0,132.0",
    "lat": -29.0,
    "lon": 132.0,
    "zoom": 8
  },
  {
    "name": "Grid -29.0,134.5",
    "lat": -29.0,
    "lon": 134.5,
    "zoom": 8
  },
  {
    "name": "Grid -29.0,137.0",
    "lat": -29.0,
    "lon": 137.0,
    "zoom": 8
  },
  {
    "name": "Grid -29.0,139.5",
    "lat": -29.0,
    "lon": 139.5,
    "zoom": 8
  },
  {
    "name": "Grid -29.0,142.0",
    "lat": -29.0,
    "lon": 142.0,
    "zoom": 8
  },
  {
    "name": "Grid -29.0,144.5",
    "lat": -29.0,
    "lon": 144.5,
    "zoom": 8
  },
  {
    "name": "Grid -29.0,147.0",
    "lat": -29.0,
    "lon": 147.0,
    "zoom": 8
  },
  {
    "name": "Grid -29.0,149.5",
    "lat": -29.0,
    "lon": 149.5,
    "zoom": 8
  },
  {
    "name": "Grid -29.0,152.0",
    "lat": -29.0,
    "lon": 152.0,
    "zoom": 8
  },
  {
    "name": "Grid -26.5,112.0",
    "lat": -26.5,
    "lon": 112.0,
    "zoom": 8
  },
  {
    "name": "Grid -26.5,114.5",
    "lat": -26.5,
    "lon": 114.5,
    "zoom": 8
  },
  {
    "name": "Grid -26.5,117.0",
    "lat": -26.5,
    "lon": 117.0,
    "zoom": 8
  },
  {
    "name": "Grid -26.5,119.5",
    "lat": -26.5,
    "lon": 119.5,
    "zoom": 8
  },
  {
    "name": "Grid -26.5,122.0",
    "lat": -26.5,
    "lon": 122.0,
    "zoom": 8
  },
  {
    "name": "Grid -26.5,124.5",
    "lat": -26.5,
    "lon": 124.5,
    "zoom": 8
  },
  {
    "name": "Grid -26.5,127.0",
    "lat": -26.5,
    "lon": 127.0,
    "zoom": 8
  },
  {
    "name": "Grid -26.5,129.5",
    "lat": -26.5,
    "lon": 129.5,
    "zoom": 8
  },
  {
    "name": "Grid -26.5,132.0",
    "lat": -26.5,
    "lon": 132.0,
    "zoom": 8
  },
  {
    "name": "Grid -26.5,134.5",
    "lat": -26.5,
    "lon": 134.5,
    "zoom": 8
  },
  {
    "name": "Grid -26.5,137.0",
    "lat": -26.5,
    "lon": 137.0,
    "zoom": 8
  },
  {
    "name": "Grid -26.5,139.5",
    "lat": -26.5,
    "lon": 139.5,
    "zoom": 8
  },
  {
    "name": "Grid -26.5,142.0",
    "lat": -26.5,
    "lon": 142.0,
    "zoom": 8
  },
  {
    "name": "Grid -26.5,144.5",
    "lat": -26.5,
    "lon": 144.5,
    "zoom": 8
  },
  {
    "name": "Grid -26.5,147.0",
    "lat": -26.5,
    "lon": 147.0,
    "zoom": 8
  },
  {
    "name": "Grid -26.5,149.5",
    "lat": -26.5,
    "lon": 149.5,
    "zoom": 8
  },
  {
    "name": "Grid -26.5,152.0",
    "lat": -26.5,
    "lon": 152.0,
    "zoom": 8
  },
  {
    "name": "Grid -24.0,112.0",
    "lat": -24.0,
    "lon": 112.0,
    "zoom": 8
  },
  {
    "name": "Grid -24.0,114.5",
    "lat": -24.0,
    "lon": 114.5,
    "zoom": 8
  },
  {
    "name": "Grid -24.0,117.0",
    "lat": -24.0,
    "lon": 117.0,
    "zoom": 8
  },
  {
    "name": "Grid -24.0,119.5",
    "lat": -24.0,
    "lon": 119.5,
    "zoom": 8
  },
  {
    "name": "Grid -24.0,122.0",
    "lat": -24.0,
    "lon": 122.0,
    "zoom": 8
  },
  {
    "name": "Grid -24.0,124.5",
    "lat": -24.0,
    "lon": 124.5,
    "zoom": 8
  },
  {
    "name": "Grid -24.0,127.0",
    "lat": -24.0,
    "lon": 127.0,
    "zoom": 8
  },
  {
    "name": "Grid -24.0,129.5",
    "lat": -24.0,
    "lon": 129.5,
    "zoom": 8
  },
  {
    "name": "Grid -24.0,132.0",
    "lat": -24.0,
    "lon": 132.0,
    "zoom": 8
  },
  {
    "name": "Grid -24.0,134.5",
    "lat": -24.0,
    "lon": 134.5,
    "zoom": 8
  },
  {
    "name": "Grid -24.0,137.0",
    "lat": -24.0,
    "lon": 137.0,
    "zoom": 8
  },
  {
    "name": "Grid -24.0,139.5",
    "lat": -24.0,
    "lon": 139.5,
    "zoom": 8
  },
  {
    "name": "Grid -24.0,142.0",
    "lat": -24.0,
    "lon": 142.0,
    "zoom": 8
  },
  {
    "name": "Grid -24.0,144.5",
    "lat": -24.0,
    "lon": 144.5,
    "zoom": 8
  },
  {
    "name": "Grid -24.0,147.0",
    "lat": -24.0,
    "lon": 147.0,
    "zoom": 8
  },
  {
    "name": "Grid -24.0,149.5",
    "lat": -24.0,
    "lon": 149.5,
    "zoom": 8
  },
  {
    "name": "Grid -24.0,152.0",
    "lat": -24.0,
    "lon": 152.0,
    "zoom": 8
  },
  {
    "name": "Grid -21.5,112.0",
    "lat": -21.5,
    "lon": 112.0,
    "zoom": 8
  },
  {
    "name": "Grid -21.5,114.5",
    "lat": -21.5,
    "lon": 114.5,
    "zoom": 8
  },
  {
    "name": "Grid -21.5,117.0",
    "lat": -21.5,
    "lon": 117.0,
    "zoom": 8
  },
  {
    "name": "Grid -21.5,119.5",
    "lat": -21.5,
    "lon": 119.5,
    "zoom": 8
  },
  {
    "name": "Grid -21.5,122.0",
    "lat": -21.5,
    "lon": 122.0,
    "zoom": 8
  },
  {
    "name": "Grid -21.5,124.5",
    "lat": -21.5,
    "lon": 124.5,
    "zoom": 8
  },
  {
    "name": "Grid -21.5,127.0",
    "lat": -21.5,
    "lon": 127.0,
    "zoom": 8
  },
  {
    "name": "Grid -21.5,129.5",
    "lat": -21.5,
    "lon": 129.5,
    "zoom": 8
  },
  {
    "name": "Grid -21.5,132.0",
    "lat": -21.5,
    "lon": 132.0,
    "zoom": 8
  },
  {
    "name": "Grid -21.5,134.5",
    "lat": -21.5,
    "lon": 134.5,
    "zoom": 8
  },
  {
    "name": "Grid -21.5,137.0",
    "lat": -21.5,
    "lon": 137.0,
    "zoom": 8
  },
  {
    "name": "Grid -21.5,139.5",
    "lat": -21.5,
    "lon": 139.5,
    "zoom": 8
  },
  {
    "name": "Grid -21.5,142.0",
    "lat": -21.5,
    "lon": 142.0,
    "zoom": 8
  },
  {
    "name": "Grid -21.5,144.5",
    "lat": -21.5,
    "lon": 144.5,
    "zoom": 8
  },
  {
    "name": "Grid -21.5,147.0",
    "lat": -21.5,
    "lon": 147.0,
    "zoom": 8
  },
  {
    "name": "Grid -21.5,149.5",
    "lat": -21.5,
    "lon": 149.5,
    "zoom": 8
  },
  {
    "name": "Grid -21.5,152.0",
    "lat": -21.5,
    "lon": 152.0,
    "zoom": 8
  },
  {
    "name": "Grid -19.0,112.0",
    "lat": -19.0,
    "lon": 112.0,
    "zoom": 8
  },
  {
    "name": "Grid -19.0,114.5",
    "lat": -19.0,
    "lon": 114.5,
    "zoom": 8
  },
  {
    "name": "Grid -19.0,117.0",
    "lat": -19.0,
    "lon": 117.0,
    "zoom": 8
  },
  {
    "name": "Grid -19.0,119.5",
    "lat": -19.0,
    "lon": 119.5,
    "zoom": 8
  },
  {
    "name": "Grid -19.0,122.0",
    "lat": -19.0,
    "lon": 122.0,
    "zoom": 8
  },
  {
    "name": "Grid -19.0,124.5",
    "lat": -19.0,
    "lon": 124.5,
    "zoom": 8
  },
  {
    "name": "Grid -19.0,127.0",
    "lat": -19.0,
    "lon": 127.0,
    "zoom": 8
  },
  {
    "name": "Grid -19.0,129.5",
    "lat": -19.0,
    "lon": 129.5,
    "zoom": 8
  },
  {
    "name": "Grid -19.0,132.0",
    "lat": -19.0,
    "lon": 132.0,
    "zoom": 8
  },
  {
    "name": "Grid -19.0,134.5",
    "lat": -19.0,
    "lon": 134.5,
    "zoom": 8
  },
  {
    "name": "Grid -19.0,137.0",
    "lat": -19.0,
    "lon": 137.0,
    "zoom": 8
  },
  {
    "name": "Grid -19.0,139.5",
    "lat": -19.0,
    "lon": 139.5,
    "zoom": 8
  },
  {
    "name": "Grid -19.0,142.0",
    "lat": -19.0,
    "lon": 142.0,
    "zoom": 8
  },
  {
    "name": "Grid -19.0,144.5",
    "lat": -19.0,
    "lon": 144.5,
    "zoom": 8
  },
  {
    "name": "Grid -19.0,147.0",
    "lat": -19.0,
    "lon": 147.0,
    "zoom": 8
  },
  {
    "name": "Grid -19.0,149.5",
    "lat": -19.0,
    "lon": 149.5,
    "zoom": 8
  },
  {
    "name": "Grid -19.0,152.0",
    "lat": -19.0,
    "lon": 152.0,
    "zoom": 8
  },
  {
    "name": "Grid -16.5,112.0",
    "lat": -16.5,
    "lon": 112.0,
    "zoom": 8
  },
  {
    "name": "Grid -16.5,114.5",
    "lat": -16.5,
    "lon": 114.5,
    "zoom": 8
  },
  {
    "name": "Grid -16.5,117.0",
    "lat": -16.5,
    "lon": 117.0,
    "zoom": 8
  },
  {
    "name": "Grid -16.5,119.5",
    "lat": -16.5,
    "lon": 119.5,
    "zoom": 8
  },
  {
    "name": "Grid -16.5,122.0",
    "lat": -16.5,
    "lon": 122.0,
    "zoom": 8
  },
  {
    "name": "Grid -16.5,124.5",
    "lat": -16.5,
    "lon": 124.5,
    "zoom": 8
  },
  {
    "name": "Grid -16.5,127.0",
    "lat": -16.5,
    "lon": 127.0,
    "zoom": 8
  },
  {
    "name": "Grid -16.5,129.5",
    "lat": -16.5,
    "lon": 129.5,
    "zoom": 8
  },
  {
    "name": "Grid -16.5,132.0",
    "lat": -16.5,
    "lon": 132.0,
    "zoom": 8
  },
  {
    "name": "Grid -16.5,134.5",
    "lat": -16.5,
    "lon": 134.5,
    "zoom": 8
  },
  {
    "name": "Grid -16.5,137.0",
    "lat": -16.5,
    "lon": 137.0,
    "zoom": 8
  },
  {
    "name": "Grid -16.5,139.5",
    "lat": -16.5,
    "lon": 139.5,
    "zoom": 8
  },
  {
    "name": "Grid -16.5,142.0",
    "lat": -16.5,
    "lon": 142.0,
    "zoom": 8
  },
  {
    "name": "Grid -16.5,144.5",
    "lat": -16.5,
    "lon": 144.5,
    "zoom": 8
  },
  {
    "name": "Grid -16.5,147.0",
    "lat": -16.5,
    "lon": 147.0,
    "zoom": 8
  },
  {
    "name": "Grid -16.5,149.5",
    "lat": -16.5,
    "lon": 149.5,
    "zoom": 8
  },
  {
    "name": "Grid -16.5,152.0",
    "lat": -16.5,
    "lon": 152.0,
    "zoom": 8
  },
  {
    "name": "Grid -14.0,112.0",
    "lat": -14.0,
    "lon": 112.0,
    "zoom": 8
  },
  {
    "name": "Grid -14.0,114.5",
    "lat": -14.0,
    "lon": 114.5,
    "zoom": 8
  },
  {
    "name": "Grid -14.0,117.0",
    "lat": -14.0,
    "lon": 117.0,
    "zoom": 8
  },
  {
    "name": "Grid -14.0,119.5",
    "lat": -14.0,
    "lon": 119.5,
    "zoom": 8
  },
  {
    "name": "Grid -14.0,122.0",
    "lat": -14.0,
    "lon": 122.0,
    "zoom": 8
  },
  {
    "name": "Grid -14.0,124.5",
    "lat": -14.0,
    "lon": 124.5,
    "zoom": 8
  },
  {
    "name": "Grid -14.0,127.0",
    "lat": -14.0,
    "lon": 127.0,
    "zoom": 8
  },
  {
    "name": "Grid -14.0,129.5",
    "lat": -14.0,
    "lon": 129.5,
    "zoom": 8
  },
  {
    "name": "Grid -14.0,132.0",
    "lat": -14.0,
    "lon": 132.0,
    "zoom": 8
  },
  {
    "name": "Grid -14.0,134.5",
    "lat": -14.0,
    "lon": 134.5,
    "zoom": 8
  },
  {
    "name": "Grid -14.0,137.0",
    "lat": -14.0,
    "lon": 137.0,
    "zoom": 8
  },
  {
    "name": "Grid -14.0,139.5",
    "lat": -14.0,
    "lon": 139.5,
    "zoom": 8
  },
  {
    "name": "Grid -14.0,142.0",
    "lat": -14.0,
    "lon": 142.0,
    "zoom": 8
  },
  {
    "name": "Grid -14.0,144.5",
    "lat": -14.0,
    "lon": 144.5,
    "zoom": 8
  },
  {
    "name": "Grid -14.0,147.0",
    "lat": -14.0,
    "lon": 147.0,
    "zoom": 8
  },
  {
    "name": "Grid -14.0,149.5",
    "lat": -14.0,
    "lon": 149.5,
    "zoom": 8
  },
  {
    "name": "Grid -14.0,152.0",
    "lat": -14.0,
    "lon": 152.0,
    "zoom": 8
  },
  {
    "name": "Grid -11.5,112.0",
    "lat": -11.5,
    "lon": 112.0,
    "zoom": 8
  },
  {
    "name": "Grid -11.5,114.5",
    "lat": -11.5,
    "lon": 114.5,
    "zoom": 8
  },
  {
    "name": "Grid -11.5,117.0",
    "lat": -11.5,
    "lon": 117.0,
    "zoom": 8
  },
  {
    "name": "Grid -11.5,119.5",
    "lat": -11.5,
    "lon": 119.5,
    "zoom": 8
  },
  {
    "name": "Grid -11.5,122.0",
    "lat": -11.5,
    "lon": 122.0,
    "zoom": 8
  },
  {
    "name": "Grid -11.5,124.5",
    "lat": -11.5,
    "lon": 124.5,
    "zoom": 8
  },
  {
    "name": "Grid -11.5,127.0",
    "lat": -11.5,
    "lon": 127.0,
    "zoom": 8
  },
  {
    "name": "Grid -11.5,129.5",
    "lat": -11.5,
    "lon": 129.5,
    "zoom": 8
  },
  {
    "name": "Grid -11.5,132.0",
    "lat": -11.5,
    "lon": 132.0,
    "zoom": 8
  },
  {
    "name": "Grid -11.5,134.5",
    "lat": -11.5,
    "lon": 134.5,
    "zoom": 8
  },
  {
    "name": "Grid -11.5,137.0",
    "lat": -11.5,
    "lon": 137.0,
    "zoom": 8
  },
  {
    "name": "Grid -11.5,139.5",
    "lat": -11.5,
    "lon": 139.5,
    "zoom": 8
  },
  {
    "name": "Grid -11.5,142.0",
    "lat": -11.5,
    "lon": 142.0,
    "zoom": 8
  },
  {
    "name": "Grid -11.5,144.5",
    "lat": -11.5,
    "lon": 144.5,
    "zoom": 8
  },
  {
    "name": "Grid -11.5,147.0",
    "lat": -11.5,
    "lon": 147.0,
    "zoom": 8
  },
  {
    "name": "Grid -11.5,149.5",
    "lat": -11.5,
    "lon": 149.5,
    "zoom": 8
  },
  {
    "name": "Grid -11.5,152.0",
    "lat": -11.5,
    "lon": 152.0,
    "zoom": 8
  },
  {
    "name": "Sydney Metro",
    "lat": -33.88,
    "lon": 151.21,
    "zoom": 10
  },
  {
    "name": "Canberra",
    "lat": -35.28,
    "lon": 149.13,
    "zoom": 10
  },
  {
    "name": "Adelaide",
    "lat": -34.93,
    "lon": 138.6,
    "zoom": 10
  },
  {
    "name": "Tarcoola",
    "lat": -30.71,
    "lon": 134.57,
    "zoom": 9
  },
  {
    "name": "Perth",
    "lat": -31.95,
    "lon": 115.86,
    "zoom": 10
  },
  {
    "name": "Kalgoorlie",
    "lat": -32.0,
    "lon": 121.5,
    "zoom": 9
  },
  {
    "name": "Maryborough",
    "lat": -25.28,
    "lon": 152.84,
    "zoom": 9
  },
  {
    "name": "Brisbane",
    "lat": -27.47,
    "lon": 153.03,
    "zoom": 10
  },
  {
    "name": "Alice Springs",
    "lat": -23.7,
    "lon": 133.88,
    "zoom": 9
  },
  {
    "name": "Townsville",
    "lat": -19.26,
    "lon": 146.81,
    "zoom": 10
  },
  {
    "name": "Darwin",
    "lat": -12.46,
    "lon": 130.85,
    "zoom": 10
  },
  {
    "name": "Cairns",
    "lat": -16.92,
    "lon": 145.78,
    "zoom": 10
  },
  {
    "name": "Moss Vale",
    "lat": -34.45,
    "lon": 150.86,
    "zoom": 10
  },
  {
    "name": "Wagga Wagga",
    "lat": -35.12,
    "lon": 147.37,
    "zoom": 10
  },
  {
    "name": "Albury",
    "lat": -36.08,
    "lon": 146.91,
    "zoom": 10
  },
  {
    "name": "Goulburn Corr",
    "lat": -35.34,
    "lon": 149.23,
    "zoom": 10
  }
]